person_slug,person_linkedin_url,first_name,last_name,full_name,source_company_slug,source_company_name,source_company_domain,source_company_tier,source_company_size,priority_tier,role_group_label,selection_bucket,selection_priority,corpus_parsed_title,rubric_persona,harvest_headline,harvest_about,harvest_current_company,harvest_location,harvest_skills,harvest_recent_posts_summary,harvest_status,current_company_match,title_soft_match,person_soft_qualifies,person_soft_qualifier_reason,company_description,company_offer,company_icp,company_painpoint,company_signals,company_signal_sources,company_quality_score,company_needs_followup,company_research_run_slug,company_domain,company_linkedin_url,person_email,person_email_status,prospeo_match_status,prospeo_verification_method,prospeo_person_id,prospeo_company_id,prospeo_company_domain,prospeo_company_name,prospeo_current_job_title
arniereynoso,https://www.linkedin.com/in/arniereynoso,Arnie,Reynoso,Arnie Reynoso,alturacentersforhealth,Altura Centers for Health,,1A_fqhc,201-500,B_leadership,Technical,technical_it,10,Chief Information Officer,broad_fqhc,Chief Information Officer at Altura Centers for Health,"An innovative and results-driven Information Technology leader and SW application engineer with extensive experience in software/application development, systems engineering/analysis, strategic planning, best practices, troubleshooting, research and development, product innovation, and end-user support.  Proven to accomplish quality performance and elevate customer experience.  Successfully defines and releases custom products with strong first pass execution, pushing delivery of quality to highest standards.  Possesses a track record of accomplishment in contributing to the capabilities and growth of an organization.

•	Pre- and Post-Sales Support/Customer Training
•	Large-Scale Design/Deployment/Troubleshooting
•	Analytical Planning/Strategic Workflow Planning
•	Creating Processes/Standards/Best Practices
•	Company Presenter/World Stage Conferences",Altura Centers for Health,"Visalia, California, United States",Embedded Systems | Embedded Software | C | Device Drivers | RTOS | Embedded Linux | Android SDK | C++ | Linux | Git,,200,true,true,true,harvest profile confirms current employer and rubric-matching title,"Altura Centers for Health (ALTURA) is a Federally Qualified Health Center (FQHC) and Non-Profit 501(c)(3) organization headquartered in Tulare, California, serving the San Joaquin Valley. The center provides comprehensive healthcare services including Family Medicine, Pediatrics, OB/GYN, Dental, Behavioral Health, Optometry, and Specialty services, with additional offerings such as patient transportation, outreach services, and insurance enrollment.","Multi-specialty community health center providing primary care, dental, behavioral health, and specialty services to underserved populations in the Central Valley region of California","Low-income patients, Medicaid recipients, uninsured individuals, and migrant populations in Tulare County and surrounding San Joaquin Valley communities","HIPAA compliance and ePHI data integrity across multiple clinic locations with limited IT resources, plus regulatory uncertainty due to federal funding changes",FQHC serving Central Valley | Participates in California Primary Care Association advocacy | Partner with College of the Sequoias for workforce development | Uses Medfusion patient portal | Multi-location operations with diverse service lines | Pilot program participant for Mexican physicians,https://www.altura.org|https://www.linkedin.com/company/alturacentersforhealth|https://localnewsmatters.org/2025/04/10/trump-orders-mean-uncertainty-for-san-joaquin-valleys-safety-net-of-health-clinics/,100,false,alertica-fqhcs-company-research-brightdata-v2-05042026,altura.org,https://www.linkedin.com/company/alturacentersforhealth,areynoso@altura.org,VERIFIED,matched,SMTP,aaaa75a1d855e951ea87293e,cccc3f91b18bff75e2c2edf7,altura.org,Altura Centers for Health,Chief Information Officer
max-hernandez-mba-40023866,https://www.linkedin.com/in/max-hernandez-mba-40023866,Max,Hernandez,"Max Hernandez, MBA",alturacentersforhealth,Altura Centers for Health,,1A_fqhc,201-500,B_leadership,Finance,finance,20,Chief Financial Officer,broad_fqhc,Chief Financial Officer at Altura Centers for Health,,Altura Centers for Health,"Clovis, California, United States",Microsoft Excel | Microsoft Word | Microsoft Office | Management | Customer Service | HIPAA | Accounts Receivable | Healthcare | Program Management | U.S. Health Insurance Portability and Accountability Act (HIPAA),,200,true,true,true,harvest profile confirms current employer and rubric-matching title,"Altura Centers for Health (ALTURA) is a Federally Qualified Health Center (FQHC) and Non-Profit 501(c)(3) organization headquartered in Tulare, California, serving the San Joaquin Valley. The center provides comprehensive healthcare services including Family Medicine, Pediatrics, OB/GYN, Dental, Behavioral Health, Optometry, and Specialty services, with additional offerings such as patient transportation, outreach services, and insurance enrollment.","Multi-specialty community health center providing primary care, dental, behavioral health, and specialty services to underserved populations in the Central Valley region of California","Low-income patients, Medicaid recipients, uninsured individuals, and migrant populations in Tulare County and surrounding San Joaquin Valley communities","HIPAA compliance and ePHI data integrity across multiple clinic locations with limited IT resources, plus regulatory uncertainty due to federal funding changes",FQHC serving Central Valley | Participates in California Primary Care Association advocacy | Partner with College of the Sequoias for workforce development | Uses Medfusion patient portal | Multi-location operations with diverse service lines | Pilot program participant for Mexican physicians,https://www.altura.org|https://www.linkedin.com/company/alturacentersforhealth|https://localnewsmatters.org/2025/04/10/trump-orders-mean-uncertainty-for-san-joaquin-valleys-safety-net-of-health-clinics/,100,false,alertica-fqhcs-company-research-brightdata-v2-05042026,altura.org,https://www.linkedin.com/company/alturacentersforhealth,mhernandez@altura.org,VERIFIED,matched,SMTP,aaaa72b3404a406a7c7d57a3,cccc3f91b18bff75e2c2edf7,altura.org,Altura Centers for Health,Chief Financial Officer
samantha-staples-455385203,https://www.linkedin.com/in/samantha-staples-455385203,Samantha,Staples,Samantha Staples,community-access-network,Community Access Network,communityaccessnetwork.org,1A_fqhc,11-50,B_leadership,Operations,operations,40,COO,broad_fqhc,COO at Community Access Network,"I have 15 years of healthcare experience, from a front office receptionist all the way up to senior leadership. 
 I completed my dual Master's Degree in March of 2023 and now working on my DHA. FQHCs and serving communities to create access to care for patients will always have a special place in my heart.

""Only a life lived in the service to others is worth living.""
-Albert Einstein",Community Access Network,"Ridgeway, Virginia, United States",Leadership | Communication | Organizational Development | Risk Management | Customer Service | Quality Improvement | Trauma Informed Care | Medical Office Management | Behavioral Health | Onboarding,,200,true,true,true,harvest profile confirms current employer and rubric-matching title,"Community Access Network is a Federally Qualified Health Center (FQHC) in Virginia that provides affordable primary and preventive care services to underserved, underinsured, and uninsured patients regardless of their ability to pay. The organization serves patients with complex medical issues and offers a reduced fee program for those with high-deductible insurance plans. With approximately 73 employees, the clinic provides comprehensive services including primary medical care, pediatrics, gynecology, dental, behavioral health, and chronic condition management.","Community Access Network delivers comprehensive healthcare services including primary medical care, pediatrics, gynecology, dental services, behavioral health, chronic condition management, sexual health services, and same-day walk-in care. They also provide benefit programs, support services, and a reduced fee program for qualifying patients.","Underserved and underinsured patient populations in Virginia, including those with complex medical issues, patients without insurance, and individuals qualifying for reduced-fee care. The organization serves as a safety-net provider regardless of patients' ability to pay.","As an FQHC handling sensitive patient data and ePHI, Community Access Network faces HIPAA compliance obligations and data integrity requirements for patient records. With limited resources (73 employees) and diverse service lines, they likely struggle with lightweight IT deployment, compliance monitoring across multiple service categories, and ensuring EHR/EMR system integrity while maintaining operational efficiency across their clinic operations.",No recent news or LinkedIn activity detected. FQHC status confirmed. Multiple service lines indicate complex operational environment.,http://www.communityaccessnetwork.org|LinkedIn Company Page,100,false,alertica-fqhcs-company-research-brightdata-v2-05042026,communityaccessnetwork.org,https://www.linkedin.com/company/community-access-network,samantha.staples@communityaccessnetwork.org,VERIFIED,matched,SMTP,aaaa4dbeaee816f4e9cc404b,cccc1caa76e22ad914f1c18c,communityaccessnetwork.org,Community Access Network,Chief Operating Officer
smithshawnd,https://www.linkedin.com/in/smithshawnd,Shawn,Smith,Shawn Smith,true-health,True Health,true-health.org,1A_fqhc,201-500,B_leadership,Executive / Owner,executive_owner,50,Chief Executive Officer,broad_fqhc,"Chief Executive Officer at 1 True Health, Inc.","Shawn D. Smith is a Senior-level Executive with over 35 years of experience in executive management, operations, sales/marketing, and business development, with a strong record of accomplishments in the healthcare, emergency response, humanitarian aid, and information technology industries.  

Shawn has worked with healthcare and health & wellness organizations to provide unique and valuable technology and service solutions related to nutritional supplementation, patient encounter management, and revenue cycle management.  He has also worked with local and state governments, public health, NGO, chemical/industrial, and transportation industries to identify their needs related to emergency management and to provide specific solutions focused on enhancing preparedness for the new threats that face our nation. 

He has a proven ability to understand market requirements, design strategic service and technology solutions, and successfully sell/deliver across multiple industries.  In his early career he worked primarily in the Healthcare Information Technology space with firms such as Eclipsys Corporation, Health Language, Healthcare Communications, IBM and NCR Corporations.

Shawn is a visionary leader with experience in Impact Investing and combining philanthropy with technology.  He is passionate for helping and serving others, and leads a faith-based Charitable Foundation that provides proven technology solutions to help save lives and property in the areas of global health, disaster response/relief, water & sanitation, community resilience, education, and faith support.

Specialties: Health & Wellness, Nutrition, Healthcare, Public Health, Emergency Management, Humanitarian Aid, and AgeTech.  Skill sets include Corporate Governance, Sales Management, Business Development, Marketing, and Product Strategy.","1 True Health, Inc.","Austin, Texas, United States",SaaS | Enterprise Software | Emergency Management | Healthcare | Sales Management | Information Technology | Homeland Security | Start-ups | Professional Services | Team Building,,200,true,true,true,harvest profile confirms current employer and rubric-matching title,"True Health is a non-profit Federally Qualified Health Center (FQHC) serving Central Florida since 1977, operating ten clinic locations and two mobile units across Orange, Seminole, and Volusia counties. The organization provides comprehensive primary care, dental, behavioral health, pharmacy, and lab services to over 40,000 patients annually, predominantly low-income, uninsured, and Medicaid populations.","Comprehensive community health center services including primary care, pediatrics, OB/GYN, dentistry, podiatry, pharmacy, behavioral health, laboratory, X-ray, and telehealth across ten physical locations and two mobile units.","Underserved populations in Central Florida including low-income, uninsured, and Medicaid patients of all ages seeking affordable primary and specialty healthcare services.","Multi-site compliance monitoring across ten decentralized clinic locations creates significant HIPAA audit and ePHI integrity challenges. As a nonprofit FQHC with limited IT resources, True Health likely struggles with maintaining consistent file integrity monitoring across distributed EHR systems and meeting OCR compliance requirements without burdening clinical operations.","Recent launch of self-scheduling tool | Operating 10 clinic locations plus 2 mobile units | 340B pharmacy program participation | Medical Home accreditation | Over 101,000 patient encounters annually",https://www.linkedin.com/company/10019024 | https://mytruehealth.org | https://www.bizjournals.com/orlando/news/2021/11/03/2021-ceos-of-the-year-janelle-dunn.html,100,false,alertica-fqhcs-company-research-brightdata-v2-05042026,mytruehealth.org,https://www.linkedin.com/company/true-health,shawn.smith@1truehealth.com,VERIFIED,matched,SMTP,aaaa90f0e793915d0c3fb2ac,cccc02062d33bfe2d2e6ae90,1truehealth.com,1 True Health,Chief Executive Officer
