full_name,first_name,last_name,company_name,role,role_description,e1,e2,e3,e4,s1,s2,s3,s4,p1,p2,p3,p4
Shawn Smith,Shawn,Smith,1 True Health,Chief Executive Officer,"Shawn D. Smith is a Senior-level Executive with over 35 years of experience in executive management, operations, sales/marketing, and business development, with a strong record of accomplishments in the healthcare, emergency response, humanitarian aid, and information technology industries. Shawn has worked with healthcare and health & wellness organizations to provide unique and valuable technology and service so...","{{first_name}},

{{personalization_line}}

Reaching out because quiet record drift can sit in the background until it starts pulling time from leadership, patient trust, and board-level review.

We watch the file paths that matter and send a signal when something changes, so the team can review it before it becomes a larger leadership issue.

If useful, I can send a short outline.

Arik Liberman
Founder, Alertica","{{first_name}},

{{personalization_line}}

The gap tends to stay hidden until someone has to explain what changed, how it moved, and why the team saw it late.

We keep a tighter watch on those paths, which gives the team cleaner footing during review.

If useful, I can share a simple example.

Arik Liberman
Founder, Alertica","{{first_name}},

{{personalization_line}}

A practical first pass is the path set behind record exports, shared folders, and reporting files.

If useful, I can sketch the first path set I would review.

Arik Liberman
Founder, Alertica","{{first_name}},

{{personalization_line}}

If this sits with another owner on your side, I can route a tighter note there. If it stays with you, I can send the short version.

Arik Liberman
Founder, Alertica",{compliance risk|quiet control gap|record trust gap|audit readiness gap},{board review risk|patient trust gap|record change risk|control evidence gap},{quiet audit gap|record oversight gap|leadership review gap|care continuity risk},{file security risk|record drift risk|audit trail gap|control trail gap},Saw 1 True Health operating 10 clinic locations plus 2 mobile units; that usually raises the odds of quiet record drift landing on leadership late.,The pain point around multi-site record oversight and ephi integrity visibility is usually where patient trust and oversight time start getting pulled in.,"Running primary care, dental, behavioral health, and pediatrics across multiple sites usually leaves more record paths that leadership only hears about when something drifts.","Between operating 10 clinic locations plus 2 mobile units and multi-site record oversight and ephi integrity visibility, I can see why trail visibility would matter at this stage."
Samantha Staples,Samantha,Staples,A Community Network,Chief Operating Officer,"I have 15 years of healthcare experience, from a front office receptionist all the way up to senior leadership","{{first_name}},

{{personalization_line}}

Reaching out because quiet file changes rarely stay quiet for ops. They turn into rerun reports, cross-site cleanup, and staff time spent tracing what moved.

We watch the file paths that matter and send a signal when something shifts, so clinic teams spend less time chasing the source.

If useful, I can send a short outline.

Arik Liberman
Founder, Alertica","{{first_name}},

{{personalization_line}}

The drag is rarely the first change itself. It is the clinic-by-clinic cleanup once nobody is sure what moved or when it changed.

We keep a steady watch on the paths behind reports and shared record flow, which cuts down the hunt.

If useful, I can share a simple example.

Arik Liberman
Founder, Alertica","{{first_name}},

{{personalization_line}}

One practical starting point is the path set behind reports, exports, and shared folders across sites.

If useful, I can sketch the first path set I would review.

Arik Liberman
Founder, Alertica","{{first_name}},

{{personalization_line}}

If this sits with another owner on your side, I can route a tighter note there. If it stays with you, I can send the short version.

Arik Liberman
Founder, Alertica",{file security risk|clinic workflow drag|site workflow risk|record drift risk},{quiet reporting drag|cross site drag|shared file drift|ops review gap},{record rework risk|site audit drag|workflow review gap|clinic path drift},{multi site drift|record flow drag|site control gap|path review gap},"Saw A Community Network is running dental, behavioral health, and pediatrics; for ops, that usually means more rerun reports, more handoffs, and more cross-site cleanup when a record path drifts.",The pain point around ephi integrity visibility and lean team coverage usually turns into staff time spent tracing what changed where.,"With multiple service lines indicate complex operational environment already in the mix, a small path issue can turn into a clinic-by-clinic chase fast.","When dental, behavioral health, and pediatrics is already moving across sites, quiet record drift usually turns into avoidable cleanup for the ops team."
"Max Hernandez, MBA",Max,Hernandez,Altura Centers For Health,Chief Financial Officer,"HIPAA compliance and ePHI data integrity across multiple clinic locations with limited IT resources, plus regulatory uncertainty due to federal funding changes","{{first_name}},

{{personalization_line}}

Reaching out because OCR never sees the lean team context first. It sees whether the file trail is clean, whether review work stacks up, and how much late cleanup the team is carrying.

We give IT a direct signal when a file changes, which usually means less audit drag and less budget pressure once review starts.

If useful, I can send a short outline.

Arik Liberman
Founder, Alertica","{{first_name}},

{{personalization_line}}

The gap usually stays hidden until someone has to explain why a record moved, changed, or showed up late in a review packet.

We keep watch on the file paths that matter so your team has firmer footing when OCR or internal review starts asking for the trail.

If useful, I can share a simple example.

Arik Liberman
Founder, Alertica","{{first_name}},

{{personalization_line}}

The part I would look at first is the record flow behind reporting, 340B, and shared exports across sites.

If useful, I can sketch the first path set I would review.

Arik Liberman
Founder, Alertica","{{first_name}},

{{personalization_line}}

If this sits with another owner on your side, I can route a tighter note there. If it stays with you, I can send the short version.

Arik Liberman
Founder, Alertica",{compliance risk|audit cost gap|quiet audit gap|oversight risk},{record risk gap|audit readiness gap|control cost gap|quiet control gap},{reporting drag risk|record review drag|audit review drag|oversight review gap},{board review risk|record oversight gap|audit load signal|budget risk signal},Saw Altura Centers For Health multi-location operations with diverse service lines; that usually raises OCR review load and the cost of late-stage cleanup.,The pain point around multi-site record oversight and ephi integrity visibility usually shows up as audit prep drag and unplanned review time.,"Running primary care, dental, behavioral health, and pediatrics across multiple sites tends to widen the record trail leadership ends up answering for.","With multi-location operations with diverse service lines in motion, it makes sense to stay ahead of record drift before it turns into budget pressure."
Arnie Reynoso,Arnie,Reynoso,Altura Centers For Health,Chief Information Officer,"An innovative and results-driven Information Technology leader and SW application engineer with extensive experience in software/application development, systems engineering/analysis, strategic planning, best practices, troubleshooting, research and development, product innovation, and end-user support","{{first_name}},

{{personalization_line}}

Reaching out because once cloud EHR, patient portal traffic, shared folders, and report exports are all in the mix, the hard part is keeping a clean change trail without agent sprawl.

We stay agentless, watch the paths that matter, and send a webhook or email signal the moment a file drifts.

If useful, I can send a short outline.

Arik Liberman
Founder, Alertica","{{first_name}},

{{personalization_line}}

Lean IT teams usually feel this when someone has to trace what changed, which interface moved it, and whether the export path is still clean.

We keep watch on those paths so your team has cleaner trail data when review time comes.

If useful, I can share a simple example.

Arik Liberman
Founder, Alertica","{{first_name}},

{{personalization_line}}

One practical angle here is the first path set to watch. For most clinic teams, that starts with record exports, shared folders, and reporting files.

If useful, I can sketch the first path set I would start with.

Arik Liberman
Founder, Alertica","{{first_name}},

{{personalization_line}}

If this sits with another owner on your side, I can route a tighter note there. If it stays with you, I can send the short version.

Arik Liberman
Founder, Alertica",{quiet file drift|file change risk|ehr drift risk|path drift risk},{audit trail gap|record trail gap|control trail gap|change log gap},{shared path drift|clinic path gap|record path drift|site path drift},{quiet control gap|signal review gap|integrity review gap|record signal gap},"Saw Altura Centers For Health uses Uses Medfusion patient portal; for IT, that usually means more EHR paths, exports, and shared folders to keep under watch.",The pain point around multi-site record oversight and ephi integrity visibility is usually where lean IT teams lose trail visibility.,"Running primary care, dental, behavioral health, and pediatrics across multiple sites usually means more record paths, exports, and shared folders to keep clean.","Between uses medfusion patient portal and multi-site record oversight and ephi integrity visibility, I can see why agentless path coverage would matter here."
