linkedin_slug,linkedin_url,company_name,tier,tier_label,primary_keyword,size_bracket,description_snippet,discovery_query,page_found,first_seen_at,resolved_domain,resolve_status,matching_people_count
bchnhealth,https://www.linkedin.com/company/bchnhealth,Bronx Community Health Network (BCHN),1A_fqhc,FQHCs / Community Health Centers,community health center,Nov-50,"11-50 employees. Headquarters: Bronx, New York. Type: Nonprofit. Founded: 1996 ... Callen-Lorde Community Health Center. Hospitals and Health Care. New York ...","site:linkedin.com/company/ ""community health center"" ""11-50""",4,2026-04-17T07:51:05Z,https://www.bronxcommunity.org,ok_loc_only,2
five-rivers-health-centers,https://www.linkedin.com/company/five-rivers-health-centers,Five Rivers Health Centers,1A_fqhc,FQHCs / Community Health Centers,federally qualified health center,201-500,"201–500 anställda. Huvudkontor: Dayton, Ohio. Typ: Ideell organisation ... As a Federally Qualified Health Center, we ensure that cost is never a ...","site:linkedin.com/company/ ""federally qualified health center"" ""201-500""",5,2026-04-17T07:53:55Z,https://www.fiverivershealthcenters.org,ok,2
holyoke-health-center-inc-,https://www.linkedin.com/company/holyoke-health-center-inc-,"Holyoke Health Center, Inc.",1A_fqhc,FQHCs / Community Health Centers,community health center,201-500,"... Community Health Center located in Holyoke, MA. Founded in 1970 ... 201-500 medarbejdere. Hovedkvarter: Holyoke, MA. Type: Nonprofit.","site:linkedin.com/company/ ""community health center"" ""201-500""",14,2026-04-17T07:52:40Z,https://www.holyokehealth.com,needs_review,2
tennessee-primary-care-association,https://www.linkedin.com/company/tennessee-primary-care-association,Tennessee Primary Care Association,1A_fqhc,FQHCs / Community Health Centers,community health center,Nov-50,"11-50 employees. Headquarters: Nashville, TN. Type: Nonprofit. Founded: 1976 ... With nearly two decades of experience in the community health center space ...","site:linkedin.com/company/ ""community health center"" ""11-50""",8,2026-04-17T07:51:11Z,,none,2
alexander-valley-healthcare,https://www.linkedin.com/company/alexander-valley-healthcare,Alexander Valley Healthcare,1A_fqhc,FQHCs / Community Health Centers,federally qualified health center,51-200,"... federally qualified health center, which allows it to receive federal health ... 51 - 200 çalışan. Genel Merkez: Cloverdale, California. Türü: Kâr Amacı ...","site:linkedin.com/company/ ""federally qualified health center"" ""51-200""",1,2026-04-17T07:53:13Z,https://alexandervalleyhealthcare.org,needs_review,1
altruis,https://www.linkedin.com/company/altruis,Altruis,1A_fqhc,FQHCs / Community Health Centers,FQHC,51-200,"51-200 employees. Headquarters: Louisville, Kentucky. Type: Privately Held. Founded: 2003. Specialties: Revenue Cycle Management Services, Billing Services, ...","site:linkedin.com/company/ ""FQHC"" ""51-200""",10,2026-04-17T07:55:12Z,https://www.altruis.fr,needs_review,1
alturacentersforhealth,https://www.linkedin.com/company/alturacentersforhealth,Altura Centers for Health,1A_fqhc,FQHCs / Community Health Centers,federally qualified health center,201-500,"... Federally Qualified Health Center (FQHC) and is a Non-Profit 501 ( ... 201-500 employés. Siège social: Tulare, California. Type: Non ...","site:linkedin.com/company/ ""federally qualified health center"" ""201-500""",4,2026-04-17T07:53:54Z,,none,1
amistad-community-health-center,https://www.linkedin.com/company/amistad-community-health-center,Amistad Community Health Center,1A_fqhc,FQHCs / Community Health Centers,community health center,51-200,"Amistad Community Health Center | 288 followers on LinkedIn. ""Empowering ... 51-200 employees. Headquarters: Corpus Christi, Texas. Type: Nonprofit. Founded ...","site:linkedin.com/company/ ""community health center"" ""51-200""",18,2026-04-17T07:52:03Z,,none,1
del-norte-clinics-inc.,https://www.linkedin.com/company/del-norte-clinics-inc.,Ampla Health,1A_fqhc,FQHCs / Community Health Centers,FQHC,201-500,"... (FQHC) offering comprehensive medical, dental, mental health, and specialty ... 201-500 pekerja. Ibu pejabat: Yuba City , CA. Jenis: Kebajikan. Ditubuhkan ...","site:linkedin.com/company/ ""FQHC"" ""201-500""",8,2026-04-17T07:55:48Z,https://www.amplahealth.org,ok,1
aria-community-health-center,https://www.linkedin.com/company/aria-community-health-center,Aria Community Health Center,1A_fqhc,FQHCs / Community Health Centers,community health center,201-500,"Aria Community Health Center | 352 followers on LinkedIn. Aria Community Health Center ... 201-500 employees. Headquarters: Lemoore, California. Type: Public ...","site:linkedin.com/company/ ""community health center"" ""201-500""",27,2026-04-17T07:52:58Z,https://ariacommunityhealthcenter.org,parking,1
avenue-360-health-and-wellness,https://www.linkedin.com/company/avenue-360-health-and-wellness,Avenue 360 Health and Wellness,1A_fqhc,FQHCs / Community Health Centers,community health center,51-200,"51–200 anställda. Huvudkontor: Houston ... Liknande sidor. Legacy Community Health. Sjukhus och hälsovård. Houston, TX. Spring Branch Community Health Center.","site:linkedin.com/company/ ""community health center"" ""51-200""",3,2026-04-17T07:51:45Z,,none,1
avivahealthor,https://www.linkedin.com/company/avivahealthor,Aviva Health,1A_fqhc,FQHCs / Community Health Centers,federally qualified health center,201-500,"Aviva Health, formerly known as Umpqua Community Health Center, is a Federally Qualified Health Center ... 201-500 employees. Headquarters: Roseburg, Oregon.","site:linkedin.com/company/ ""federally qualified health center"" ""201-500""",2,2026-04-17T07:53:52Z,https://www.avivahealth.com,bad_content,1
azahealthfl,https://www.linkedin.com/company/azahealthfl,Aza Health,1A_fqhc,FQHCs / Community Health Centers,federally qualified health center,201-500,"... federally qualified health center (FQHC), Aza Health operates in areas ... 201-500 employees. Headquarters: Palatka, Florida. Type: Nonprofit. Founded: 1977.","site:linkedin.com/company/ ""federally qualified health center"" ""201-500""",19,2026-04-17T07:54:13Z,https://azahealth.org,wrong_entity,1
asc-communications,https://www.linkedin.com/company/asc-communications,Becker's Healthcare,1A_fqhc,FQHCs / Community Health Centers,FQHC,51-200,"51-200 dipendenti. Sede principale: Chicago, IL. Tipo: Società privata non ... Proud to represent the FQHC perspective in a room of larger health systems ...","site:linkedin.com/company/ ""FQHC"" ""51-200""",1,2026-04-17T07:55:01Z,https://www.asccommunications.com,title_mismatch,1
blue-ridge-medical-center,https://www.linkedin.com/company/blue-ridge-medical-center,Blue Ridge Medical Center,1A_fqhc,FQHCs / Community Health Centers,community health center,51-200,"51–200 Beschäftigte. Hauptsitz: Arrington, VA. Art: Nonprofit. Gegründet: 1985 ... GREATER PRINCE WILLIAM AREA COMMUNITY HEALTH CENTER INC. Krankenhäuser und ...","site:linkedin.com/company/ ""community health center"" ""51-200""",9,2026-04-17T07:51:52Z,https://blueridgemedicalcenter.com,parking,1
bond-community-health-ctr,https://www.linkedin.com/company/bond-community-health-ctr,"Bond Community Health Center, Inc.",1A_fqhc,FQHCs / Community Health Centers,community health center,51-200,"קישור חיצוני עבור Bond Community Health Center, Inc. תעשייה: Hospitals and Health Care. גודל החברה: 51-200 עובדים. משרדים ראשיים: Tallahassee, Florida. סוג ...","site:linkedin.com/company/ ""community health center"" ""51-200""",31,2026-04-17T07:52:24Z,https://www.hugedomains.com/domain_profile.cfm?d=bondcommunity.com,parking,1
bud-distributing,https://www.linkedin.com/company/bud-distributing,Bud Distributing,1A_fqhc,FQHCs / Community Health Centers,community health center,Nov-50,11-50 人. 总部: Dowagiac，Michigan. 类型: 私人持股. 创立: 1947. 地点. 主要. 52322 M ... Families Together of Orange County Community Health Center. 医院和医疗 ...,"site:linkedin.com/company/ ""community health center"" ""11-50""",5,2026-04-17T07:51:07Z,https://buddistributing.com,ok,1
bullhook-community-health-center,https://www.linkedin.com/company/bullhook-community-health-center,Bullhook Community Health Center,1A_fqhc,FQHCs / Community Health Centers,community health center,Nov-50,Lien externe pour Bullhook Community Health Center. Secteur: Services de bien-être et installations sportives. Taille de l'entreprise: 11-50 employés. Siège ...,"site:linkedin.com/company/ ""community health center"" ""11-50""",2,2026-04-17T07:51:03Z,,none,1
capstone-rural-health-ctr,https://www.linkedin.com/company/capstone-rural-health-ctr,Capstone Health,1A_fqhc,FQHCs / Community Health Centers,FQHC,51-200,"Capstone Health | 196 Follower:innen auf LinkedIn. Your Health. Our Mission | At Capstone Health (FQHC) ... 51–200 Beschäftigte. Hauptsitz: Parrish, Alabama.","site:linkedin.com/company/ ""FQHC"" ""51-200""",25,2026-04-17T07:55:31Z,https://www.capstone-health.com,needs_review,1
caresouth-medical-dental,https://www.linkedin.com/company/caresouth-medical-dental,CareSouth Medical & Dental,1A_fqhc,FQHCs / Community Health Centers,federally qualified health center,51-200,CareSouth Medical & Dental | 402 pengikut di LinkedIn. CareSouth is a private non-profit Federally Qualified Health Center ... 51-200 pekerja. Ibu pejabat ...,"site:linkedin.com/company/ ""federally qualified health center"" ""51-200""",21,2026-04-17T07:53:38Z,,none,1
carolina-health-centers-inc,https://www.linkedin.com/company/carolina-health-centers-inc,"Carolina Health Centers, Inc.",1A_fqhc,FQHCs / Community Health Centers,FQHC,201-500,"Carolina Health Centers, Inc. Arztpraxen. Greenwood, South Carolina 541 Follower:innen. We are the FQHC serving the Lakelands area of South Carolina. ... 201–500 ...","site:linkedin.com/company/ ""FQHC"" ""201-500""",6,2026-04-17T07:55:46Z,https://www.carolinahealthcenters.org,title_mismatch,1
ccchc,https://www.linkedin.com/company/ccchc,Coal Country Community Health Center,1A_fqhc,FQHCs / Community Health Centers,community health center,51-200,关于我们. Coal Country Community Health Center is a local non-profit rural community health center ... 51-200 人. 总部: Beulah，North Dakota. 类型: 非营利机构 ...,"site:linkedin.com/company/ ""community health center"" ""51-200""",11,2026-04-17T07:51:54Z,https://coalcountry.org,title_mismatch,1
community-health-access-network-chan,https://www.linkedin.com/company/community-health-access-network-chan,Community Health Access Network (CHAN),1A_fqhc,FQHCs / Community Health Centers,community health center,Nov-50,"11-50 employees. Headquarters: Newmarket, NH. Type: Nonprofit. Founded: 1995 ... Moses Lake Community Health Center. Hospitals and Health Care. Moses Lake, WA ...","site:linkedin.com/company/ ""community health center"" ""11-50""",2,2026-04-17T07:51:03Z,https://communityhealthaccess-com.l.ink,title_mismatch,1
community-health-care-systems-inc-,https://www.linkedin.com/company/community-health-care-systems-inc-,"Community Health Care Systems, Inc.",1A_fqhc,FQHCs / Community Health Centers,community health center,51-200,"51-200 employés. Siège social: Tennille, GA. Type: Non lucratif. Fondée en: 1993 ... Hardeman County Community Health Center. Cabinets médicaux. Bolivar, TN ...","site:linkedin.com/company/ ""community health center"" ""51-200""",4,2026-04-17T07:51:46Z,https://communityhealthcaresystems.org,ok,1
community-health-center-of-buffalo,https://www.linkedin.com/company/community-health-center-of-buffalo,"Community Health Center of Buffalo, Inc.",1A_fqhc,FQHCs / Community Health Centers,community health center,51-200,"Community Health Center of Buffalo, Inc. | 1434 followers on ... 51-200 employees. Headquarters: Buffalo, New York. Type: Nonprofit.","site:linkedin.com/company/ ""community health center"" ""51-200""",2,2026-04-17T07:51:44Z,https://communityhealthcenter.org,title_mismatch,1
community-health-center-of-central-missouri,https://www.linkedin.com/company/community-health-center-of-central-missouri,Community Health Center of Central Missouri,1A_fqhc,FQHCs / Community Health Centers,community health center,51-200,Website: http://www.chccmo.org/. External link for Community Health Center of Central Missouri ; Industry: Hospitals and Health Care ; Company size: 51-200 ...,"site:linkedin.com/company/ ""community health center"" ""51-200""",1,2026-04-17T07:51:43Z,https://communityhealthcenter.org,wrong_entity,1
chcvt,https://www.linkedin.com/company/chcvt,Community Health Centers,1A_fqhc,FQHCs / Community Health Centers,federally qualified health center,201-500,"As your Federally Qualified Health Center, our goal is to be the cornerstone ... 201-500 employees. Headquarters: Burlington. Type: Nonprofit. Founded: 1971 ...","site:linkedin.com/company/ ""federally qualified health center"" ""201-500""",20,2026-04-17T07:54:14Z,https://www.communityhealthcenters.org,title_mismatch,1
chsiclinics,https://www.linkedin.com/company/chsiclinics,Community Health Service Inc.,1A_fqhc,FQHCs / Community Health Centers,federally qualified health center,51-200,"51-200 employees ... Similar pages. Open Cities Health Center. Hospitals and Health Care. St Paul, Minnesota. Federally Qualified Health Center Unified Health ...","site:linkedin.com/company/ ""federally qualified health center"" ""51-200""",20,2026-04-17T07:53:36Z,https://communityhealthservice.org,parking,1
communityhealthsystems-california,https://www.linkedin.com/company/communityhealthsystems-california,"Community Health Systems, Inc. (FQHC)",1A_fqhc,FQHCs / Community Health Centers,FQHC,201-500,"http://www.chsica.org. Community Health Systems, Inc. (FQHC)的外部链接. 所属行业: 医院和医疗保健. 规模: 201-500 人. 总部: Riverside，CA. 类型: 非营利机构. 创立 ...","site:linkedin.com/company/ ""FQHC"" ""201-500""",1,2026-04-17T07:55:40Z,https://www.communityhealthsystem.org,title_mismatch,1
community-mental-health-affiliates-inc-,https://www.linkedin.com/company/community-mental-health-affiliates-inc-,"Community Mental Health Affiliates, Inc. (CMHA)",1A_fqhc,FQHCs / Community Health Centers,community health center,201-500,"201-500 employés. Siège social: New Britain, CT. Type: Société civile/Société ... Community Health Center. Hôpitaux et services de santé. Middletown, CT · The ...","site:linkedin.com/company/ ""community health center"" ""201-500""",5,2026-04-17T07:52:29Z,https://communitymentalhealth.org,parking,1
dc-primary-care-association,https://www.linkedin.com/company/dc-primary-care-association,DC Primary Care Association,1A_fqhc,FQHCs / Community Health Centers,community health center,Nov-50,11-50 名員工. 總部: WashingtonDistrict of Columbia. 類型: 非營利組織. 創立時間 ... Community Health Center movement: https://lnkd.in/gfqCUNNB #DCPCA ...,"site:linkedin.com/company/ ""community health center"" ""11-50""",8,2026-04-17T07:51:11Z,https://dcprimarycare.com,ok,1
ehchs,https://www.linkedin.com/company/ehchs,"East Harlem Council for Human Services, Inc.",1A_fqhc,FQHCs / Community Health Centers,FQHC,51-200,"51-200 employees. Headquarters: New York, New York. Type: Nonprofit. Founded: 1965 ... Any reduction in FQHC funding would have immediate and lasting consequences ...","site:linkedin.com/company/ ""FQHC"" ""51-200""",12,2026-04-17T07:55:14Z,https://east-harlem.com,ok,1
family-health-care-centers-of-greater-los-angeles,https://www.linkedin.com/company/family-health-care-centers-of-greater-los-angeles,Family Health Care Centers of Greater Los Angeles,1A_fqhc,FQHCs / Community Health Centers,community health center,51-200,직원 51-200명. 본사: CA Bell Gardens. 유형: 비영리. 위치. 기본. 6501 Garfield Ave. US CA Bell Gardens 90201. 길 보기. Family Health Care Centers of Greater Los ...,"site:linkedin.com/company/ ""community health center"" ""51-200""",12,2026-04-17T07:51:55Z,https://www.hugedomains.com/domain_profile.cfm?d=family-health-care.com,parking,1
familyhealthcenterofmarshfieldinc,https://www.linkedin.com/company/familyhealthcenterofmarshfieldinc,Family Health Center,1A_fqhc,FQHCs / Community Health Centers,federally qualified health center,201-500,"We are proud to be a Federally Qualified Health Center (FQHC) with 10 ... 201-500 employees. Headquarters: Marshfield, Wisconsin. Type: Nonprofit. Founded ...","site:linkedin.com/company/ ""federally qualified health center"" ""201-500""",4,2026-04-17T07:53:54Z,https://familyhealthcenter.org,ok,1
first-care-clinic,https://www.linkedin.com/company/first-care-clinic,First Care Clinic,1A_fqhc,FQHCs / Community Health Centers,federally qualified health center,Nov-50,"We are a 501(c)(3) Nonprofit Federally Qualified Health Center providing healthcare services for people of all ages, regardless of the patient's ability to ...","site:linkedin.com/company/ ""federally qualified health center"" ""11-50""",1,2026-04-17T07:53:03Z,https://www.first-care-clinic.com,ok,1
garfield-health-center,https://www.linkedin.com/company/garfield-health-center,GARFIELD HEALTH CENTER,1A_fqhc,FQHCs / Community Health Centers,community health center,51-200,"51–200 ansatte. Hovedkontor: MONTEREY PARK, California. Type: Ideell organisasjon. Spesialiteter: Family Practice, Pediatrics, Gynecology, Dentistry, ...","site:linkedin.com/company/ ""community health center"" ""51-200""",30,2026-04-17T07:52:23Z,https://www.garfieldhealthcenter.org,title_mismatch,1
generations-family-health-center,https://www.linkedin.com/company/generations-family-health-center,Generations Family Health Center,1A_fqhc,FQHCs / Community Health Centers,federally qualified health center,51-200,"(Generations) is a private, not-for-profit, regional Federally Qualified Health Center ... 51-200 employees. Headquarters: Willimantic ...","site:linkedin.com/company/ ""federally qualified health center"" ""51-200""",17,2026-04-17T07:53:32Z,https://generationsfamily.com,parking,1
gfh,https://www.linkedin.com/company/gfh,Genesis Family Health,1A_fqhc,FQHCs / Community Health Centers,community health center,51-200,직원 51-200명. 본사: Kansas Garden City. 유형: 비영리. 설립: 1974. 전문 분야: Dental ... 비슷한 페이지. HIGH PLAINS COMMUNITY HEALTH CENTER. 병원·보건. Colorado ...,"site:linkedin.com/company/ ""community health center"" ""51-200""",9,2026-04-17T07:51:52Z,https://www.genesisfamilyhealth.org,title_mismatch,1
glacier-community-health-center,https://www.linkedin.com/company/glacier-community-health-center,Glacier Community Health Center,1A_fqhc,FQHCs / Community Health Centers,community health center,Nov-50,"Lien externe pour Glacier Community Health Center. Secteur: Hôpitaux et services de santé. Taille de l'entreprise: 11-50 employés. Siège social: Cut Bank, MT.","site:linkedin.com/company/ ""community health center"" ""11-50""",21,2026-04-17T07:51:27Z,,none,1
healthy-community-health-centers,https://www.linkedin.com/company/healthy-community-health-centers,HCHC,1A_fqhc,FQHCs / Community Health Centers,federally qualified health center,51-200,"51-200 employees. Headquarters: Harisonburg, VA. Type: Nonprofit. Founded: 2007 ... federally qualified health center, is seeking a strategic CFO to partner ...","site:linkedin.com/company/ ""federally qualified health center"" ""51-200""",19,2026-04-17T07:53:35Z,https://www.greatriverhealth.org/locations/henry-county-health-center,title_mismatch,1
healingcommunityhealth,https://www.linkedin.com/company/healingcommunityhealth,HEALing Community Health,1A_fqhc,FQHCs / Community Health Centers,FQHC,Nov-50,"... (FQHC) with several locations in the metro Atlanta area, we provide quality ... 11-50 employees. Headquarters: Atlanta, Georgia. Type: Nonprofit. Founded ...","site:linkedin.com/company/ ""FQHC"" ""11-50""",21,2026-04-17T07:54:52Z,https://healingcommunity.org,parking,1
hard-rock-hotel-&-casino-sioux-city,https://www.linkedin.com/company/hard-rock-hotel-&-casino-sioux-city,Hard Rock Hotel & Casino Sioux City,1A_fqhc,FQHCs / Community Health Centers,community health center,201-500,"201-500 עובדים. משרדים ראשיים: Sioux City, IA. סוג: בבעלות פרטית. התמחויות ... Community Health Center and Data Business Equipment, Inc. אין תיאור טקסט ...","site:linkedin.com/company/ ""community health center"" ""201-500""",24,2026-04-17T07:52:54Z,http://hard-rock-hotel.com,title_mismatch,1
health-federation-of-philadelphia,https://www.linkedin.com/company/health-federation-of-philadelphia,Health Federation of Philadelphia,1A_fqhc,FQHCs / Community Health Centers,federally qualified health center,51-200,51-200 人. 总部: Philadelphia，PA. 类型: 非营利机构. 创立: 1983. 领域 ... (Federally Qualified Health Center) status! This designation marks an ...,"site:linkedin.com/company/ ""federally qualified health center"" ""51-200""",10,2026-04-17T07:53:24Z,https://healthfederation.org,ok,1
health-partnership-clinic-kc,https://www.linkedin.com/company/health-partnership-clinic-kc,Health Partnership Clinic,1A_fqhc,FQHCs / Community Health Centers,federally qualified health center,51-200,"社員 51 - 200名. 本社: Olathe、KS. 種類: 非営利団体. 創立: 1992. 専門分野 ... federally qualified health center like HPC, where quality care is ...","site:linkedin.com/company/ ""federally qualified health center"" ""51-200""",27,2026-04-17T07:53:47Z,https://healthpartnership.org,parking,1
healthworks-for-northern-virginia,https://www.linkedin.com/company/healthworks-for-northern-virginia,HealthWorks for Northern Virginia,1A_fqhc,FQHCs / Community Health Centers,FQHC,51-200,"51-200 employees. Headquarters: Leesburg, VA. Type: Nonprofit ... (FQHC) serving the medically underserved and uninsured populations of Northern Virginia.","site:linkedin.com/company/ ""FQHC"" ""51-200""",8,2026-04-17T07:55:10Z,,none,1
hills-&-dales-general-hospital,https://www.linkedin.com/company/hills-&-dales-general-hospital,Hills & Dales General Hospital,1A_fqhc,FQHCs / Community Health Centers,FQHC,51-200,51-200 pekerja. Jenis: Kebajikan. Lokasi. Utama. Dapatkan arah. Pekerja di Hills ... Laman yang serupa. Optima FQHC Solutions. Hospital dan Penjagaan Kesihatan.,"site:linkedin.com/company/ ""FQHC"" ""51-200""",15,2026-04-17T07:55:18Z,,none,1
interior-community-health-center,https://www.linkedin.com/company/interior-community-health-center,INTERIOR COMMUNITY HEALTH CENTER,1A_fqhc,FQHCs / Community Health Centers,community health center,Nov-50,外部INTERIOR COMMUNITY HEALTH CENTER連結. 產業: 醫療保健. 公司規模: 11-50 名員工. 總部: FAIRBANKSAlaska. 類型: 非營利組織. 創立時間: 1995. 地點. 主要. 1606 23RD ...,"site:linkedin.com/company/ ""community health center"" ""11-50""",3,2026-04-17T07:51:04Z,https://www.interiorcommunityhealth.org,ok,1
imperial-beach-community-clinic,https://www.linkedin.com/company/imperial-beach-community-clinic,Imperial Beach Community Clinic,1A_fqhc,FQHCs / Community Health Centers,community health center,51-200,"51-200 employés. Siège social: Imperial Beach, CA. Type: Non lucratif. Fondée ... Pages similaires. San Diego Community Health Center. Hôpitaux et services de ...","site:linkedin.com/company/ ""community health center"" ""51-200""",12,2026-04-17T07:51:55Z,https://imperialbeach.org,parking,1
indiana-health-centers,https://www.linkedin.com/company/indiana-health-centers,"Indiana Health Centers, Inc.",1A_fqhc,FQHCs / Community Health Centers,community health center,201-500,"201-500 employees. Headquarters: Indianapolis, IN. Type: Nonprofit. Founded: 1977 ... HealthLinc Community Health Center. Hospitals and Health Care. Valparaiso ...","site:linkedin.com/company/ ""community health center"" ""201-500""",11,2026-04-17T07:52:36Z,https://electramet.com,title_mismatch,1
intercare-community-health,https://www.linkedin.com/company/intercare-community-health,InterCare Community Health Network,1A_fqhc,FQHCs / Community Health Centers,federally qualified health center,201-500,"... federally qualified health center dedicated to improving individual health ... 201-500 medarbejdere. Hovedkvarter: Bangor, Michigan. Type: Nonprofit.","site:linkedin.com/company/ ""federally qualified health center"" ""201-500""",11,2026-04-17T07:54:03Z,,none,1
isaiah-house-treatment-center,https://www.linkedin.com/company/isaiah-house-treatment-center,Isaiah House Treatment Center,1A_fqhc,FQHCs / Community Health Centers,community health center,201-500,"... Community Health Center – Lexington More Than Treatment: A Path to a New ... 201-500 empleyado. Headquarters: Harrodsburg, Kentucky. Uri: Nonprofit.","site:linkedin.com/company/ ""community health center"" ""201-500""",29,2026-04-17T07:53:00Z,https://isaiah-house.org,ok,1
island-health-care-community-health-center,https://www.linkedin.com/company/island-health-care-community-health-center,Island Health Care,1A_fqhc,FQHCs / Community Health Centers,community health center,Nov-50,A Federally Qualified Community Health Center serving the island of Martha's Vineyard. ... 11-50 employees. Headquarters: Edgartown ...,"site:linkedin.com/company/ ""community health center"" ""11-50""",19,2026-04-17T07:51:24Z,https://islandhealthcare.org,parking,1
jefferson-comprehensive-health,https://www.linkedin.com/company/jefferson-comprehensive-health,Jefferson Comprehensive Health,1A_fqhc,FQHCs / Community Health Centers,community health center,Nov-50,"11 - 50 çalışan. Genel Merkez: Fayette, Mississippi. Konum. 225 Community Dr. Fayette, Mississippi 39069-0000, US. Yol tarifi al. Jefferson Comprehensive Health ...","site:linkedin.com/company/ ""community health center"" ""11-50""",14,2026-04-17T07:51:18Z,https://www.jch.org,wrong_entity,1
jessie-trice-community-health-center-inc.,https://www.linkedin.com/company/jessie-trice-community-health-center-inc.,"Jessie Trice Community Health System, Inc.",1A_fqhc,FQHCs / Community Health Centers,community health center,201-500,"... Community Health Center, Inc. is a Florida 501 (c) 3, not ... 201-500 pekerja. Ibu pejabat: Miami, Florida. Jenis: Kebajikan. Ditubuhkan: 1967.","site:linkedin.com/company/ ""community health center"" ""201-500""",2,2026-04-17T07:52:26Z,,none,1
juniper-health-inc,https://www.linkedin.com/company/juniper-health-inc,"Juniper Health, Inc.",1A_fqhc,FQHCs / Community Health Centers,federally qualified health center,51-200,"... Federally Qualified Health Center with locations in Breathitt, Elliott, Lee ... 51–200 Beschäftigte. Hauptsitz: Beattyville, Kentucky. Art: Nonprofit.","site:linkedin.com/company/ ""federally qualified health center"" ""51-200""",9,2026-04-17T07:53:23Z,https://juniperhealth.org,needs_review,1
kccare,https://www.linkedin.com/company/kccare,KC CARE Health Center,1A_fqhc,FQHCs / Community Health Centers,federally qualified health center,201-500,"One of the largest charitable community health clinics in the country, KC CARE became a Federally Qualified Health Center in 2015. ... 201-500 employees.","site:linkedin.com/company/ ""federally qualified health center"" ""201-500""",14,2026-04-17T07:54:07Z,http://www.kc-care.com,parking,1
kaniksu-community-health,https://www.linkedin.com/company/kaniksu-community-health,Kaniksu Community Health,1A_fqhc,FQHCs / Community Health Centers,community health center,51-200,"... Community Health Center whose mission is to provide high quality ... 51-200 employees. Headquarters: Ponderay, Idaho. Type: Nonprofit.","site:linkedin.com/company/ ""community health center"" ""51-200""",2,2026-04-17T07:51:44Z,https://www.kch.org,title_mismatch,1
kedren-community-health-center-inc.,https://www.linkedin.com/company/kedren-community-health-center-inc.,"Kedren Community Health Center, Inc.",1A_fqhc,FQHCs / Community Health Centers,community health center,201-500,"外部Kedren Community Health Center, Inc.連結. 產業: 醫療保健. 公司規模: 201-500 名員工. 總部: Los AngelesCalifornia. 類型: 非營利組織. 創立時間: 1965. 專長 ...","site:linkedin.com/company/ ""community health center"" ""201-500""",28,2026-04-17T07:52:59Z,,none,1
kchc,https://www.linkedin.com/company/kchc,"Kinston Community Health Center, Inc.",1A_fqhc,FQHCs / Community Health Centers,community health center,51-200,"Kinston Community Health Center, Inc. | 215 followers on LinkedIn. A ... 51-200 employees. Headquarters: Kinston, NC. Type: Nonprofit. Founded: 1993.","site:linkedin.com/company/ ""community health center"" ""51-200""",6,2026-04-17T07:51:48Z,,none,1
koolauloa-health-center,https://www.linkedin.com/company/koolauloa-health-center,Ko`olauloa Health Center,1A_fqhc,FQHCs / Community Health Centers,community health center,Nov-50,The Ko`olauloa Health Center (KHC) is a highly-regarded comprehensive community health center serving O`ahu's east and north shore communities. ... 11-50 pekerja.,"site:linkedin.com/company/ ""community health center"" ""11-50""",22,2026-04-17T07:51:28Z,https://koolauloa.org,parking,1
kokua-kalihi-valley-dev,https://www.linkedin.com/company/kokua-kalihi-valley-dev,Kokua Kalihi Valley,1A_fqhc,FQHCs / Community Health Centers,federally qualified health center,51-200,Kokua Kalihi Valley Comprehensive Family Services is a Federally Qualified Health Center with 200 personnel and nine sites. ... 51–200 anställda.,"site:linkedin.com/company/ ""federally qualified health center"" ""51-200""",22,2026-04-17T07:53:40Z,http://kkv.org,wrong_entity,1
lakeshore-community-health-care,https://www.linkedin.com/company/lakeshore-community-health-care,Lakeshore Community Health Care,1A_fqhc,FQHCs / Community Health Centers,community health center,51-200,"... community health center, we focus on preventive, holistic, and patient ... 51-200 employees. Headquarters: Sheboygan, Wisconsin. Type: Nonprofit. Founded ...","site:linkedin.com/company/ ""community health center"" ""51-200""",24,2026-04-17T07:52:11Z,https://lakeshorecommunity.org,title_mismatch,1
lamprey-health-care,https://www.linkedin.com/company/lamprey-health-care,Lamprey Health Care,1A_fqhc,FQHCs / Community Health Centers,community health center,51-200,"Lamprey Health Care is a Community Health Center with three locations in Southern New Hampshire. ... 51–200 Beschäftigte. Hauptsitz: Newmarket, New Hampshire.","site:linkedin.com/company/ ""community health center"" ""51-200""",3,2026-04-17T07:51:45Z,https://lampreyhealth.org,ok,1
lee-county-cooperative-clinic,https://www.linkedin.com/company/lee-county-cooperative-clinic,Lee County Cooperative Clinic dba Olly Neal Community Health ...,1A_fqhc,FQHCs / Community Health Centers,community health center,Nov-50,"Lee County Cooperative Clinic dba Olly Neal Community Health Center | 190 abonnés sur LinkedIn ... 11-50 employés. Siège social: Marianna, Arkansas. Type: Non ...","site:linkedin.com/company/ ""community health center"" ""11-50""",1,2026-04-17T07:51:02Z,https://lee-county.net,title_mismatch,1
legacymedicalcare,https://www.linkedin.com/company/legacymedicalcare,Legacy Medical Care,1A_fqhc,FQHCs / Community Health Centers,FQHC,51-200,"Legacy Medical Care is a Federally Qualified Health Center (FQHC) program ... 51-200 employees. Headquarters: Arlington Heights, Illinois. Type: Nonprofit.","site:linkedin.com/company/ ""FQHC"" ""51-200""",28,2026-04-17T07:55:35Z,https://www.legacymedicalcare.org,title_mismatch,1
mehop,https://www.linkedin.com/company/mehop,MEHOP,1A_fqhc,FQHCs / Community Health Centers,federally qualified health center,51-200,Matagorda Episcopal Health Outreach Program (MEHOP) is a Non-Profit 501(c)3 Federally Qualified Health Center ... 51–200 Beschäftigte. Hauptsitz: Bay City ...,"site:linkedin.com/company/ ""federally qualified health center"" ""51-200""",3,2026-04-17T07:53:16Z,https://mehop.wpcomstaging.com,parking,1
mallory-community-health-center-lexington-ms,https://www.linkedin.com/company/mallory-community-health-center-lexington-ms,Mallory Community Health Center,1A_fqhc,FQHCs / Community Health Centers,community health center,51-200,"External link for Mallory Community Health Center. Industry: Health and Human Services. Company size: 51-200 employees. Headquarters: Lexington, Mississippi.","site:linkedin.com/company/ ""community health center"" ""51-200""",2,2026-04-17T07:51:44Z,,none,1
mid-state-health-center,https://www.linkedin.com/company/mid-state-health-center,Mid-State Health Center,1A_fqhc,FQHCs / Community Health Centers,federally qualified health center,51-200,"... Federally Qualified Health Center providing primary medical and supportive ... 51-200 employees. Headquarters: Plymouth, NH. Type: Nonprofit. Founded: 1998.","site:linkedin.com/company/ ""federally qualified health center"" ""51-200""",18,2026-04-17T07:53:34Z,https://www.mhc.org,wrong_entity,1
nalhe-socal,https://www.linkedin.com/company/nalhe-socal,NALHE SoCal,1A_fqhc,FQHCs / Community Health Centers,FQHC,201-500,"201-500 employees. Headquarters: Los Angeles , CA. Type: Nonprofit. Founded: 2017 ... A first-generation Mexican American, FQHC patient turned healthcare ...","site:linkedin.com/company/ ""FQHC"" ""201-500""",15,2026-04-17T07:55:56Z,,none,1
nepa-community-health-care-fqhc,https://www.linkedin.com/company/nepa-community-health-care-fqhc,NEPA Community Health Care,1A_fqhc,FQHCs / Community Health Centers,FQHC,51-200,"51-200 employees. Headquarters: Montrose, Pennsylvania. Type: Nonprofit. Founded: 1983. Specialties: Family Medicine, Behavioral Health, Psychiatry, General ...","site:linkedin.com/company/ ""FQHC"" ""51-200""",9,2026-04-17T07:55:11Z,https://discovernepa.com/live-in-nepa/about-nepa,ok,1
north-kern-south-tulare-hospital-district,https://www.linkedin.com/company/north-kern-south-tulare-hospital-district,NORTH KERN SOUTH TULARE HOSPITAL DISTRICT,1A_fqhc,FQHCs / Community Health Centers,FQHC,201-500,"District boundaries include an acute hospital, multiple Skilled Nursing Facilities and both FQHC's and a Rural Health Clinic (RHC). ... 201-500 employees.","site:linkedin.com/company/ ""FQHC"" ""201-500""",19,2026-04-17T07:56:01Z,https://northkern.net,bad_content,1
northeast-ohio-neighborhood-health-services-inc-,https://www.linkedin.com/company/northeast-ohio-neighborhood-health-services-inc-,"NORTHEAST OHIO NEIGHBORHOOD HEALTH SERVICES, INC.",1A_fqhc,FQHCs / Community Health Centers,federally qualified health center,201-500,... Federally Qualified Health Center (FQHC) with seven locations in Cleveland ... 직원 201-500명. 본사: Ohio Cleveland. 유형: 비영리. 설립: 1967. 전문 분야 ...,"site:linkedin.com/company/ ""federally qualified health center"" ""201-500""",2,2026-04-17T07:53:52Z,https://northeastohioregion.com,ok,1
alexandria-neighborhood-health-services-inc.,https://www.linkedin.com/company/alexandria-neighborhood-health-services-inc.,Neighborhood Health,1A_fqhc,FQHCs / Community Health Centers,community health center,201-500,"201–500 Beschäftigte. Hauptsitz: Alexandria, Virginia. Art ... community health center patients. Thank you to the Gilead Sciences ...","site:linkedin.com/company/ ""community health center"" ""201-500""",17,2026-04-17T07:52:44Z,https://neighborhoodhealthtn.org,needs_review,1
neighborhoodhealth,https://www.linkedin.com/company/neighborhoodhealth,Neighborhood Health,1A_fqhc,FQHCs / Community Health Centers,federally qualified health center,51-200,"Neighborhood Health Services Corporation is a Federally Qualified Health Center (FQHC) that services over 22,000 people per year. ... 51-200 employees.","site:linkedin.com/company/ ""federally qualified health center"" ""51-200""",6,2026-04-17T07:53:19Z,https://neighborhoodhealthtn.org,ok,1
nevada-primary-care-association,https://www.linkedin.com/company/nevada-primary-care-association,Nevada Primary Care Association,1A_fqhc,FQHCs / Community Health Centers,community health center,Nov-50,11-50 名員工. 總部: Carson CityNevada. 類型: 非營利組織. 創立時間: 1995. 地點. 主要 ... Community Health Center Advocate award to the well deserving Congresswoman ...,"site:linkedin.com/company/ ""community health center"" ""11-50""",10,2026-04-17T07:51:13Z,https://intermountainhealthcare.org/services/senior-primary-care-nevada,ok,1
nbcommunityhealth,https://www.linkedin.com/company/nbcommunityhealth,New Bedford Community Health Center,1A_fqhc,FQHCs / Community Health Centers,community health center,201-500,"... community health center. For over 40 years, NBCH has been providing ... 201-500 employees. Headquarters: New Bedford, Massachusetts. Type: Nonprofit.","site:linkedin.com/company/ ""community health center"" ""201-500""",6,2026-04-17T07:52:30Z,https://newbedford.org,ok,1
north-country-children%27s-clinic-inc.,https://www.linkedin.com/company/north-country-children%27s-clinic-inc.,"North Country Children's Clinic, Inc.",1A_fqhc,FQHCs / Community Health Centers,federally qualified health center,51-200,"North Country Children's Clinic, Inc., is a Federally Qualified Health Center and Article 28, located in Northern New York. ... 51 - 200 zaměstnanců.","site:linkedin.com/company/ ""federally qualified health center"" ""51-200""",27,2026-04-17T07:53:47Z,http://north-country.com,parking,1
ohio-association-of-community-health-centers,https://www.linkedin.com/company/ohio-association-of-community-health-centers,Ohio Association of Community Health Centers,1A_fqhc,FQHCs / Community Health Centers,community health center,Nov-50,"11-50 karyawan. Kantor Pusat: Columbus, Ohio. Jenis ... Community Health Center is putting that ... Wishing our Community Health Center family a joyful holiday ...","site:linkedin.com/company/ ""community health center"" ""11-50""",7,2026-04-17T07:51:10Z,https://ohioassociation.wordpress.com,ok_loc_only,1
open-door-bmh-health-center,https://www.linkedin.com/company/open-door-bmh-health-center,Open Door Health Services,1A_fqhc,FQHCs / Community Health Centers,federally qualified health center,51-200,"... Federally Qualified Health Center, meaning we provide comprehensive ... 51–200 Beschäftigte. Hauptsitz: Muncie, IN. Art: Nonprofit.","site:linkedin.com/company/ ""federally qualified health center"" ""51-200""",23,2026-04-17T07:53:41Z,https://www.opendoorhealthservices.com,ok_loc_only,1
palmsmedicalgroup,https://www.linkedin.com/company/palmsmedicalgroup,PALMS MEDICAL GROUP,1A_fqhc,FQHCs / Community Health Centers,FQHC,201-500,"201-500 employees. Headquarters: High Springs, Florida. Type: Nonprofit. Founded: 1971. Specialties: Pharmacy , Non Profit, FQHC, Dental , Xray, Medical Clinic ...","site:linkedin.com/company/ ""FQHC"" ""201-500""",23,2026-04-17T07:56:07Z,https://palmsmg.org,ok,1
partnership-community-health-center,https://www.linkedin.com/company/partnership-community-health-center,PARTNERSHIP COMMUNITY HEALTH CENTER,1A_fqhc,FQHCs / Community Health Centers,community health center,51-200,"External link for PARTNERSHIP COMMUNITY HEALTH CENTER. Industry: Hospitals and Health Care. Company size: 51-200 employees. Headquarters: APPLETON, Wisconsin.","site:linkedin.com/company/ ""community health center"" ""51-200""",4,2026-04-17T07:51:46Z,,none,1
philadelphia-fight,https://www.linkedin.com/company/philadelphia-fight,Philadelphia FIGHT,1A_fqhc,FQHCs / Community Health Centers,federally qualified health center,201-500,"... Federally Qualified Health Center providing high-quality medical ... 201–500 Beschäftigte. Hauptsitz: Philadelphia, PA. Art: Nonprofit.","site:linkedin.com/company/ ""federally qualified health center"" ""201-500""",3,2026-04-17T07:53:53Z,https://www.hugedomains.com/domain_profile.cfm?d=philadelphiafight.com,parking,1
projectvida,https://www.linkedin.com/company/projectvida,Project Vida,1A_fqhc,FQHCs / Community Health Centers,FQHC,201-500,"201-500 employés. Siège social: El Paso, Texas. Type: Non lucratif ... #Match2026 #PsychiatryResidency #GME #CommunityHealth #FQHC # ...","site:linkedin.com/company/ ""FQHC"" ""201-500""",25,2026-04-17T07:56:09Z,https://projectvida.org,ok,1
promise-community-health-center,https://www.linkedin.com/company/promise-community-health-center,Promise Community Health Center,1A_fqhc,FQHCs / Community Health Centers,community health center,51-200,"Promise Community Health Center | 148 followers on LinkedIn. Our ... 51-200 employees. Headquarters: Sioux Center, Iowa. Type: Nonprofit. Founded: 2008 ...","site:linkedin.com/company/ ""community health center"" ""51-200""",9,2026-04-17T07:51:52Z,https://cfmcky.com/services/behavioral-health,wrong_entity,1
pueblo-community-health-center,https://www.linkedin.com/company/pueblo-community-health-center,"Pueblo Community Health Center, Inc.",1A_fqhc,FQHCs / Community Health Centers,community health center,201-500,"Pueblo Community Health Center, Inc. | 751 位LinkedIn 關注者。Your ... 201-500 名員工. 總部: PuebloColorado. 類型: 非營利組織. 創立時間: 1983. 地點. 主要.","site:linkedin.com/company/ ""community health center"" ""201-500""",22,2026-04-17T07:52:51Z,,none,1
richland-parish-hospital,https://www.linkedin.com/company/richland-parish-hospital,Richland Parish Hospital,1A_fqhc,FQHCs / Community Health Centers,community health center,201-500,Richland Parish Hospital | LinkedIn 팔로워 152명 | Delhi Hospital │ Delhi Rural Health Clinic │ Delhi Community Health Center ... 직원 201-500명. 본사 ...,"site:linkedin.com/company/ ""community health center"" ""201-500""",6,2026-04-17T07:52:30Z,https://richlandparishhospital.com,parking,1
riggs-community-health-center-inc-,https://www.linkedin.com/company/riggs-community-health-center-inc-,Riggs Community Health Center,1A_fqhc,FQHCs / Community Health Centers,community health center,51-200,"Riggs Community Health Center | 407 followers on LinkedIn. Improving ... 51-200 employees. Headquarters: Lafayette, Indiana. Type: Nonprofit. Founded: 1988.","site:linkedin.com/company/ ""community health center"" ""51-200""",11,2026-04-17T07:51:54Z,,none,1
ruralmedicalservicesinc.,https://www.linkedin.com/company/ruralmedicalservicesinc.,"Rural Medical Services, Inc.",1A_fqhc,FQHCs / Community Health Centers,federally qualified health center,51-200,"... Federally Qualified Health Center with integrated ... RMS is a Federally Qualified Health Center ... 51–200 Beschäftigte. Hauptsitz: Newport, Tennessee.","site:linkedin.com/company/ ""federally qualified health center"" ""51-200""",3,2026-04-17T07:53:16Z,https://ruralmedicalservices.org,needs_review,1
suny-oswego-prssa,https://www.linkedin.com/company/suny-oswego-prssa,SUNY Oswego PRSSA,1A_fqhc,FQHCs / Community Health Centers,community health center,Nov-50,"직원 11-50명. 본사: NY Oswego. 유형: 교육기관. 설립: 2001. 전문 분야: Communications ... Community Health Center of Buffalo, Inc. 병원·보건. New York Buffalo ...","site:linkedin.com/company/ ""community health center"" ""11-50""",20,2026-04-17T07:51:26Z,https://sop.org,wrong_entity,1
sanfernandochc,https://www.linkedin.com/company/sanfernandochc,San Fernando Community Health Center,1A_fqhc,FQHCs / Community Health Centers,community health center,51-200,External link for San Fernando Community Health Center. Industry: Hospitals and Health Care. Company size: 51-200 employees. Headquarters: San Fernando ...,"site:linkedin.com/company/ ""community health center"" ""51-200""",2,2026-04-17T07:51:44Z,https://san-fernando.com,ok,1
scenic-rivers-health-svc,https://www.linkedin.com/company/scenic-rivers-health-svc,Scenic Rivers Health Services,1A_fqhc,FQHCs / Community Health Centers,community health center,51-200,"Our status as a Community Health Center ensures that our staff will do ... 51–200 ansatte. Hovedkontor: Cook, Minnesota. Type: Ideell organisasjon.","site:linkedin.com/company/ ""community health center"" ""51-200""",9,2026-04-17T07:51:52Z,https://www.scenicrivershealth.org,ok,1
southeast-community-health-systems,https://www.linkedin.com/company/southeast-community-health-systems,Southeast Community Health Systems,1A_fqhc,FQHCs / Community Health Centers,federally qualified health center,51-200,Southeast Community Health Systems | 在领英上有460 位关注者。Southeast Community Health Systems is a federally qualified health center ... 51-200 人. 总部 ...,"site:linkedin.com/company/ ""federally qualified health center"" ""51-200""",2,2026-04-17T07:53:15Z,https://www.shchc.org,ok,1
sunrise-community-health,https://www.linkedin.com/company/sunrise-community-health,Sunrise Community Health,1A_fqhc,FQHCs / Community Health Centers,community health center,201-500,"201-500 employees. Headquarters: Evans, Colorado. Type: Nonprofit. Founded: 1973 ... The bipartisan Community Health Center (CHC) Drug Pricing Protection Act ...","site:linkedin.com/company/ ""community health center"" ""201-500""",7,2026-04-17T07:52:31Z,https://www.sunrisecommunityhealth.org,title_mismatch,1
syracuse-community-health-center,https://www.linkedin.com/company/syracuse-community-health-center,Syracuse Community Health,1A_fqhc,FQHCs / Community Health Centers,community health center,51-200,"That's why Syracuse Community Health Center is now Syracuse Community Health ... 51-200 pekerja. Ibu pejabat: Syracuse, New York. Jenis: Kebajikan.","site:linkedin.com/company/ ""community health center"" ""51-200""",7,2026-04-17T07:51:50Z,https://syracusecommunityhealth.org,needs_review,1
texas-star-investments-inc,https://www.linkedin.com/company/texas-star-investments-inc,Texas Star Investments Inc,1A_fqhc,FQHCs / Community Health Centers,community health center,Nov-50,"11-50 עובדים. משרדים ראשיים: Corpus Christi, Texas. מיקומים. 14005 Park Rd 22 ... דפים דומים. Bridge Occupational Medicine. Medical Practices. ‏Portland‏, ‏Texas‏ ...","site:linkedin.com/company/ ""community health center"" ""11-50""",27,2026-04-17T07:51:36Z,https://texas-star.com,parking,1
the-chappelle-group-corporation,https://www.linkedin.com/company/the-chappelle-group-corporation,"The Chappelle Group, Corporation",1A_fqhc,FQHCs / Community Health Centers,FQHC,Nov-50,"11-50 employés. Siège social: Greenbelt, Maryland. Type: Société civile/Société ... Optima FQHC Solutions. Hôpitaux et services de santé. Lakewood, New ...","site:linkedin.com/company/ ""FQHC"" ""11-50""",4,2026-04-17T07:54:30Z,,none,1
the-community-health-center-in-cowley-county-inc,https://www.linkedin.com/company/the-community-health-center-in-cowley-county-inc,"The Community Health Center in Cowley County, Inc.",1A_fqhc,FQHCs / Community Health Centers,community health center,Nov-50,"External link for The Community Health Center in Cowley County, Inc. Industry: Hospitals and Health Care. Company size: 11-50 employees. Headquarters: Winfield ...","site:linkedin.com/company/ ""community health center"" ""11-50""",1,2026-04-17T07:51:02Z,https://communityhealthcenter.org,wrong_entity,1
tri-area-community-health,https://www.linkedin.com/company/tri-area-community-health,Tri-Area Community Health,1A_fqhc,FQHCs / Community Health Centers,federally qualified health center,51-200,"... Federally Qualified Health Center and a Recognized Health Quality Leader. We ... 51-200 medarbejdere. Hovedkvarter: Laurel Fork, Virginia. Type: Nonprofit.","site:linkedin.com/company/ ""federally qualified health center"" ""51-200""",27,2026-04-17T07:53:47Z,,none,1
utah-partners-for-health,https://www.linkedin.com/company/utah-partners-for-health,UTAH PARTNERS FOR HEALTH,1A_fqhc,FQHCs / Community Health Centers,federally qualified health center,51-200,"51-200 de angajați. Sediu: Midvale, Utah. Tip: Non-profit. Înființată ... Federally Qualified Health Center, Specialty Referral Coordination și Mobile Clinics ...","site:linkedin.com/company/ ""federally qualified health center"" ""51-200""",5,2026-04-17T07:53:18Z,https://utahpartners.com,parking,1
ultra-violette-skincare,https://www.linkedin.com/company/ultra-violette-skincare,Ultra Violette Skincare,1A_fqhc,FQHCs / Community Health Centers,FQHC,Nov-50,"11-50 employees. Headquarters: Cremorne, Victoria. Type: Privately Held ... Senior Software Engineer at FQHC 340B… Click here to view Ava ...","site:linkedin.com/company/ ""FQHC"" ""11-50""",17,2026-04-17T07:54:47Z,https://ultraviolette.org,parking,1
vnacj-community-health-center,https://www.linkedin.com/company/vnacj-community-health-center,VNACJ Community Health Center,1A_fqhc,FQHCs / Community Health Centers,community health center,51-200,"VNACJ Community Health Center | 501 followers on LinkedIn. Affordable, Quality ... 51-200 employees. Headquarters: Asbury Park, New Jersey. Type: Nonprofit.","site:linkedin.com/company/ ""community health center"" ""51-200""",15,2026-04-17T07:51:59Z,,none,1
vigilance-health,https://www.linkedin.com/company/vigilance-health,Vigilance Health,1A_fqhc,FQHCs / Community Health Centers,FQHC,51-200,"51-200 employees. Headquarters: Westlake Village, California. Type: Privately ... FQHC #healthcenter #MediCal #Medicaid #Medicare #remotecare #telehealth ...","site:linkedin.com/company/ ""FQHC"" ""51-200""",15,2026-04-17T07:55:18Z,https://www.vigilancehealth.com,needs_review,1
vcha,https://www.linkedin.com/company/vcha,Virginia Community Healthcare Association,1A_fqhc,FQHCs / Community Health Centers,community health center,Nov-50,"11-50 employees. Headquarters: Henrico, Virginia. Type: Nonprofit. Founded: 1980 ... Community Health Center of the New River Valley is preparing to expand.","site:linkedin.com/company/ ""community health center"" ""11-50""",25,2026-04-17T07:51:33Z,https://virginiacommunity.com,parking,1
waimanalo-health-center,https://www.linkedin.com/company/waimanalo-health-center,Waimānalo Health Center,1A_fqhc,FQHCs / Community Health Centers,community health center,51-200,"51-200 employees. Headquarters: Waimanalo, Hawaii. Type: Public Company. Founded ... National Community Health Center Week 2025 is coming to a close and we ...","site:linkedin.com/company/ ""community health center"" ""51-200""",6,2026-04-17T07:51:48Z,,none,1
kinston-community-health-center-inc,https://www.linkedin.com/company/kinston-community-health-center-inc,"Wallace, Morris, Barwick, Landis & Stroud, P.A.",1A_fqhc,FQHCs / Community Health Centers,community health center,201-500,"201–500 ansatte. Hovedkontor: Kinston, NC. Type: Utdanning. Beliggenheter. Primær ... Kinston Community Health Center, Inc. Sykehus og helsetjenester. Kinston ...","site:linkedin.com/company/ ""community health center"" ""201-500""",29,2026-04-17T07:53:00Z,,none,1
